study_accession	sample_accession	sample_title	sample_alias	run_accession	library_layout	read_count	submitted_bytes	fastq_bytes	fastq_ftp
PRJEB1786	SAMEA1906452	304	1	ERR260132	PAIRED	13644455	1158549258;1166863607	1201829993;1210188137	ftp.sra.ebi.ac.uk/vol1/fastq/ERR260/ERR260132/ERR260132_1.fastq.gz;ftp.sra.ebi.ac.uk/vol1/fastq/ERR260/ERR260132/ERR260132_2.fastq.gz
PRJEB1786	SAMEA1906536	305	2	ERR260133	PAIRED	13188795	1113309934;1116999481	1155058704;1158772978	ftp.sra.ebi.ac.uk/vol1/fastq/ERR260/ERR260133/ERR260133_1.fastq.gz;ftp.sra.ebi.ac.uk/vol1/fastq/ERR260/ERR260133/ERR260133_2.fastq.gz
PRJEB1786	SAMEA1906542	312	3	ERR260134	PAIRED	73997021	6580397321;6657353554	6825465104;6897769885	ftp.sra.ebi.ac.uk/vol1/fastq/ERR260/ERR260134/ERR260134_1.fastq.gz;ftp.sra.ebi.ac.uk/vol1/fastq/ERR260/ERR260134/ERR260134_2.fastq.gz
PRJEB1786	SAMEA1906527	317	4	ERR260135	PAIRED	69214430	5905489560;5761429966	6131473456;5981484937	ftp.sra.ebi.ac.uk/vol1/fastq/ERR260/ERR260135/ERR260135_1.fastq.gz;ftp.sra.ebi.ac.uk/vol1/fastq/ERR260/ERR260135/ERR260135_2.fastq.gz
PRJEB1786	SAMEA1906516	327	5	ERR260136	PAIRED	12819056	1080740701;1086653498	1121467344;1127440579	ftp.sra.ebi.ac.uk/vol1/fastq/ERR260/ERR260136/ERR260136_1.fastq.gz;ftp.sra.ebi.ac.uk/vol1/fastq/ERR260/ERR260136/ERR260136_2.fastq.gz
PRJEB1786	SAMEA1906573	330	6	ERR260137	PAIRED	9616071	815270113;823684896	845633867;854089689	ftp.sra.ebi.ac.uk/vol1/fastq/ERR260/ERR260137/ERR260137_1.fastq.gz;ftp.sra.ebi.ac.uk/vol1/fastq/ERR260/ERR260137/ERR260137_2.fastq.gz
PRJEB1786	SAMEA1906552	332	7	ERR260138	PAIRED	16984719	1434984332;1440054326	1489065935;1494192440	ftp.sra.ebi.ac.uk/vol1/fastq/ERR260/ERR260138/ERR260138_1.fastq.gz;ftp.sra.ebi.ac.uk/vol1/fastq/ERR260/ERR260138/ERR260138_2.fastq.gz
PRJEB1786	SAMEA1906465	334	8	ERR260139	PAIRED	10082557	852903557;854706950	884590776;886520154	ftp.sra.ebi.ac.uk/vol1/fastq/ERR260/ERR260139/ERR260139_1.fastq.gz;ftp.sra.ebi.ac.uk/vol1/fastq/ERR260/ERR260139/ERR260139_2.fastq.gz
PRJEB1786	SAMEA1906489	344	9	ERR260140	PAIRED	9583450	807553706;812210365	837700447;842365762	ftp.sra.ebi.ac.uk/vol1/fastq/ERR260/ERR260140/ERR260140_1.fastq.gz;ftp.sra.ebi.ac.uk/vol1/fastq/ERR260/ERR260140/ERR260140_2.fastq.gz
PRJEB1786	SAMEA1906485	347	10	ERR260141	PAIRED	12319817	1042732596;1049336723	1081851150;1088491199	ftp.sra.ebi.ac.uk/vol1/fastq/ERR260/ERR260141/ERR260141_1.fastq.gz;ftp.sra.ebi.ac.uk/vol1/fastq/ERR260/ERR260141/ERR260141_2.fastq.gz
PRJEB1786	SAMEA1906416	349	11	ERR260142	PAIRED	12141637	1072825967;1070118128	1113372948;1110592938	ftp.sra.ebi.ac.uk/vol1/fastq/ERR260/ERR260142/ERR260142_1.fastq.gz;ftp.sra.ebi.ac.uk/vol1/fastq/ERR260/ERR260142/ERR260142_2.fastq.gz
PRJEB1786	SAMEA1906434	350	12	ERR260143	PAIRED	14104678	1241245686;1237399710	1288402149;1284499958	ftp.sra.ebi.ac.uk/vol1/fastq/ERR260/ERR260143/ERR260143_1.fastq.gz;ftp.sra.ebi.ac.uk/vol1/fastq/ERR260/ERR260143/ERR260143_2.fastq.gz
PRJEB1786	SAMEA1906558	353	13	ERR260144	PAIRED	12296547	1079118933;1073526867	1120004498;1114415360	ftp.sra.ebi.ac.uk/vol1/fastq/ERR260/ERR260144/ERR260144_1.fastq.gz;ftp.sra.ebi.ac.uk/vol1/fastq/ERR260/ERR260144/ERR260144_2.fastq.gz
PRJEB1786	SAMEA1906582	354	14	ERR260145	PAIRED	14020464	1236416522;1232753075	1283263288;1279552231	ftp.sra.ebi.ac.uk/vol1/fastq/ERR260/ERR260145/ERR260145_1.fastq.gz;ftp.sra.ebi.ac.uk/vol1/fastq/ERR260/ERR260145/ERR260145_2.fastq.gz
PRJEB1786	SAMEA1906496	356	15	ERR260146	PAIRED	13887706	1204707485;1188687740	1251103742;1234802190	ftp.sra.ebi.ac.uk/vol1/fastq/ERR260/ERR260146/ERR260146_1.fastq.gz;ftp.sra.ebi.ac.uk/vol1/fastq/ERR260/ERR260146/ERR260146_2.fastq.gz
PRJEB1786	SAMEA1906490	365	16	ERR260147	PAIRED	13969150	1204741315;1187194638	1251715613;1233238098	ftp.sra.ebi.ac.uk/vol1/fastq/ERR260/ERR260147/ERR260147_1.fastq.gz;ftp.sra.ebi.ac.uk/vol1/fastq/ERR260/ERR260147/ERR260147_2.fastq.gz
PRJEB1786	SAMEA1906457	367	17	ERR260148	PAIRED	10939897	967670069;965531287	1004229134;1002074135	ftp.sra.ebi.ac.uk/vol1/fastq/ERR260/ERR260148/ERR260148_1.fastq.gz;ftp.sra.ebi.ac.uk/vol1/fastq/ERR260/ERR260148/ERR260148_2.fastq.gz
PRJEB1786	SAMEA1906437	370	18	ERR260149	PAIRED	15256432	1346816788;1340503329	1397828524;1391491737	ftp.sra.ebi.ac.uk/vol1/fastq/ERR260/ERR260149/ERR260149_1.fastq.gz;ftp.sra.ebi.ac.uk/vol1/fastq/ERR260/ERR260149/ERR260149_2.fastq.gz
PRJEB1786	SAMEA1906419	372	19	ERR260150	PAIRED	15066005	1321353137;1314712062	1371618813;1365024642	ftp.sra.ebi.ac.uk/vol1/fastq/ERR260/ERR260150/ERR260150_1.fastq.gz;ftp.sra.ebi.ac.uk/vol1/fastq/ERR260/ERR260150/ERR260150_2.fastq.gz
PRJEB1786	SAMEA1906571	378	20	ERR260151	PAIRED	13021937	1147973170;1143510905	1191435464;1186943115	ftp.sra.ebi.ac.uk/vol1/fastq/ERR260/ERR260151/ERR260151_1.fastq.gz;ftp.sra.ebi.ac.uk/vol1/fastq/ERR260/ERR260151/ERR260151_2.fastq.gz
PRJEB1786	SAMEA1906580	380	21	ERR260152	PAIRED	8978017	767003421;773532153	795360832;801917922	ftp.sra.ebi.ac.uk/vol1/fastq/ERR260/ERR260152/ERR260152_1.fastq.gz;ftp.sra.ebi.ac.uk/vol1/fastq/ERR260/ERR260152/ERR260152_2.fastq.gz
PRJEB1786	SAMEA1906560	381	22	ERR260153	PAIRED	13917531	1188796177;1197707000	1232983114;1241964511	ftp.sra.ebi.ac.uk/vol1/fastq/ERR260/ERR260153/ERR260153_1.fastq.gz;ftp.sra.ebi.ac.uk/vol1/fastq/ERR260/ERR260153/ERR260153_2.fastq.gz
PRJEB1786	SAMEA1906541	384	23	ERR260154	PAIRED	12303619	1053159517;1059824321	1092242858;1098931926	ftp.sra.ebi.ac.uk/vol1/fastq/ERR260/ERR260154/ERR260154_1.fastq.gz;ftp.sra.ebi.ac.uk/vol1/fastq/ERR260/ERR260154/ERR260154_2.fastq.gz
PRJEB1786	SAMEA1906505	389	24	ERR260155	PAIRED	12747678	1091273749;1099764878	1131620919;1140132571	ftp.sra.ebi.ac.uk/vol1/fastq/ERR260/ERR260155/ERR260155_1.fastq.gz;ftp.sra.ebi.ac.uk/vol1/fastq/ERR260/ERR260155/ERR260155_2.fastq.gz
PRJEB1786	SAMEA1906518	393	25	ERR260156	PAIRED	8336203	712744080;717972290	738908761;744144462	ftp.sra.ebi.ac.uk/vol1/fastq/ERR260/ERR260156/ERR260156_1.fastq.gz;ftp.sra.ebi.ac.uk/vol1/fastq/ERR260/ERR260156/ERR260156_2.fastq.gz
PRJEB1786	SAMEA1906578	395	26	ERR260157	PAIRED	11662077	996268014;1001669441	1033132308;1038544148	ftp.sra.ebi.ac.uk/vol1/fastq/ERR260/ERR260157/ERR260157_1.fastq.gz;ftp.sra.ebi.ac.uk/vol1/fastq/ERR260/ERR260157/ERR260157_2.fastq.gz
PRJEB1786	SAMEA1906561	397	27	ERR260158	PAIRED	10430096	876285671;875522548	908831081;908171461	ftp.sra.ebi.ac.uk/vol1/fastq/ERR260/ERR260158/ERR260158_1.fastq.gz;ftp.sra.ebi.ac.uk/vol1/fastq/ERR260/ERR260158/ERR260158_2.fastq.gz
PRJEB1786	SAMEA1906435	398	28	ERR260159	PAIRED	10829700	928736644;934416839	963037847;968742731	ftp.sra.ebi.ac.uk/vol1/fastq/ERR260/ERR260159/ERR260159_1.fastq.gz;ftp.sra.ebi.ac.uk/vol1/fastq/ERR260/ERR260159/ERR260159_2.fastq.gz
PRJEB1786	SAMEA1906423	420	29	ERR260160	PAIRED	11551787	988861419;993852295	1025340119;1030379835	ftp.sra.ebi.ac.uk/vol1/fastq/ERR260/ERR260160/ERR260160_1.fastq.gz;ftp.sra.ebi.ac.uk/vol1/fastq/ERR260/ERR260160/ERR260160_2.fastq.gz
PRJEB1786	SAMEA1906482	421	30	ERR260161	PAIRED	21446178	2010014403;1982357170	2078400720;2049090801	ftp.sra.ebi.ac.uk/vol1/fastq/ERR260/ERR260161/ERR260161_1.fastq.gz;ftp.sra.ebi.ac.uk/vol1/fastq/ERR260/ERR260161/ERR260161_2.fastq.gz
PRJEB1786	SAMEA1906450	422	31	ERR260162	PAIRED	30725670	2884485610;2826166754	2982609612;2922462449	ftp.sra.ebi.ac.uk/vol1/fastq/ERR260/ERR260162/ERR260162_1.fastq.gz;ftp.sra.ebi.ac.uk/vol1/fastq/ERR260/ERR260162/ERR260162_2.fastq.gz
PRJEB1786	SAMEA1906470	424	32	ERR260163	PAIRED	15933285	1490651584;1467453099	1540858833;1516078909	ftp.sra.ebi.ac.uk/vol1/fastq/ERR260/ERR260163/ERR260163_1.fastq.gz;ftp.sra.ebi.ac.uk/vol1/fastq/ERR260/ERR260163/ERR260163_2.fastq.gz
PRJEB1786	SAMEA1906537	432	33	ERR260164	PAIRED	17467406	1642747325;1620008831	1697664641;1673074914	ftp.sra.ebi.ac.uk/vol1/fastq/ERR260/ERR260164/ERR260164_1.fastq.gz;ftp.sra.ebi.ac.uk/vol1/fastq/ERR260/ERR260164/ERR260164_2.fastq.gz
PRJEB1786	SAMEA1906512	434	34	ERR260165	PAIRED	23098980	2168881227;2132102676	2241820100;2202848503	ftp.sra.ebi.ac.uk/vol1/fastq/ERR260/ERR260165/ERR260165_1.fastq.gz;ftp.sra.ebi.ac.uk/vol1/fastq/ERR260/ERR260165/ERR260165_2.fastq.gz
PRJEB1786	SAMEA1906469	436	35	ERR260166	PAIRED	21761858	2046302569;2010891977	2114644375;2076570352	ftp.sra.ebi.ac.uk/vol1/fastq/ERR260/ERR260166/ERR260166_1.fastq.gz;ftp.sra.ebi.ac.uk/vol1/fastq/ERR260/ERR260166/ERR260166_2.fastq.gz
PRJEB1786	SAMEA1906456	439	36	ERR260167	PAIRED	21530642	2022503405;1989802373	2090600460;2056300733	ftp.sra.ebi.ac.uk/vol1/fastq/ERR260/ERR260167/ERR260167_1.fastq.gz;ftp.sra.ebi.ac.uk/vol1/fastq/ERR260/ERR260167/ERR260167_2.fastq.gz
PRJEB1786	SAMEA1906480	441	37	ERR260168	PAIRED	23153521	2172881388;2135220105	2246558623;2206806110	ftp.sra.ebi.ac.uk/vol1/fastq/ERR260/ERR260168/ERR260168_1.fastq.gz;ftp.sra.ebi.ac.uk/vol1/fastq/ERR260/ERR260168/ERR260168_2.fastq.gz
PRJEB1786	SAMEA1906421	446	38	ERR260169	PAIRED	9508688	892752153;885176425	922395259;913852096	ftp.sra.ebi.ac.uk/vol1/fastq/ERR260/ERR260169/ERR260169_1.fastq.gz;ftp.sra.ebi.ac.uk/vol1/fastq/ERR260/ERR260169/ERR260169_2.fastq.gz
PRJEB1786	SAMEA1906441	451	39	ERR260170	PAIRED	15149519	1423902363;1401611157	1471211988;1447155147	ftp.sra.ebi.ac.uk/vol1/fastq/ERR260/ERR260170/ERR260170_1.fastq.gz;ftp.sra.ebi.ac.uk/vol1/fastq/ERR260/ERR260170/ERR260170_2.fastq.gz
PRJEB1786	SAMEA1906568	456	40	ERR260171	PAIRED	28856602	2582201571;2620636481	2675965790;2713111894	ftp.sra.ebi.ac.uk/vol1/fastq/ERR260/ERR260171/ERR260171_1.fastq.gz;ftp.sra.ebi.ac.uk/vol1/fastq/ERR260/ERR260171/ERR260171_2.fastq.gz
PRJEB1786	SAMEA1906547	457	41	ERR260172	PAIRED	27045497	2390535272;2424115184	2477935426;2510821969	ftp.sra.ebi.ac.uk/vol1/fastq/ERR260/ERR260172/ERR260172_1.fastq.gz;ftp.sra.ebi.ac.uk/vol1/fastq/ERR260/ERR260172/ERR260172_2.fastq.gz
PRJEB1786	SAMEA1906529	458	42	ERR260173	PAIRED	29783259	2657819990;2700791743	2754951025;2796457590	ftp.sra.ebi.ac.uk/vol1/fastq/ERR260/ERR260173/ERR260173_1.fastq.gz;ftp.sra.ebi.ac.uk/vol1/fastq/ERR260/ERR260173/ERR260173_2.fastq.gz
PRJEB1786	SAMEA1906540	462	43	ERR260174	PAIRED	22560827	2009551124;2041306516	2082654230;2113512108	ftp.sra.ebi.ac.uk/vol1/fastq/ERR260/ERR260174/ERR260174_1.fastq.gz;ftp.sra.ebi.ac.uk/vol1/fastq/ERR260/ERR260174/ERR260174_2.fastq.gz
PRJEB1786	SAMEA1906522	463	44	ERR260175	PAIRED	15849917	1411257842;1432371282	1462157610;1482682287	ftp.sra.ebi.ac.uk/vol1/fastq/ERR260/ERR260175/ERR260175_1.fastq.gz;ftp.sra.ebi.ac.uk/vol1/fastq/ERR260/ERR260175/ERR260175_2.fastq.gz
PRJEB1786	SAMEA1906583	468	45	ERR260176	PAIRED	18528492	1655914815;1678033046	1715272043;1736856653	ftp.sra.ebi.ac.uk/vol1/fastq/ERR260/ERR260176/ERR260176_1.fastq.gz;ftp.sra.ebi.ac.uk/vol1/fastq/ERR260/ERR260176/ERR260176_2.fastq.gz
PRJEB1786	SAMEA1906559	472	46	ERR260177	PAIRED	21463357	1906371002;1931769855	1975663289;2000451390	ftp.sra.ebi.ac.uk/vol1/fastq/ERR260/ERR260177/ERR260177_1.fastq.gz;ftp.sra.ebi.ac.uk/vol1/fastq/ERR260/ERR260177/ERR260177_2.fastq.gz
PRJEB1786	SAMEA1906553	476	47	ERR260178	PAIRED	25613808	2215313447;2196676342	2297102633;2276967073	ftp.sra.ebi.ac.uk/vol1/fastq/ERR260/ERR260178/ERR260178_1.fastq.gz;ftp.sra.ebi.ac.uk/vol1/fastq/ERR260/ERR260178/ERR260178_2.fastq.gz
PRJEB1786	SAMEA1906442	478	48	ERR260179	PAIRED	20891133	1864030974;1891496332	1931594518;1958211007	ftp.sra.ebi.ac.uk/vol1/fastq/ERR260/ERR260179/ERR260179_1.fastq.gz;ftp.sra.ebi.ac.uk/vol1/fastq/ERR260/ERR260179/ERR260179_2.fastq.gz
PRJEB1786	SAMEA1906431	479	49	ERR260180	PAIRED	15971316	1486097576;1474235425	1536553314;1523865580	ftp.sra.ebi.ac.uk/vol1/fastq/ERR260/ERR260180/ERR260180_1.fastq.gz;ftp.sra.ebi.ac.uk/vol1/fastq/ERR260/ERR260180/ERR260180_2.fastq.gz
PRJEB1786	SAMEA1906479	483	50	ERR260181	PAIRED	24822835	2316706149;2287183688	2395521277;2364724562	ftp.sra.ebi.ac.uk/vol1/fastq/ERR260/ERR260181/ERR260181_1.fastq.gz;ftp.sra.ebi.ac.uk/vol1/fastq/ERR260/ERR260181/ERR260181_2.fastq.gz
PRJEB1786	SAMEA1906455	484	51	ERR260182	PAIRED	21872053	2047315984;2026230454	2116648745;2094004164	ftp.sra.ebi.ac.uk/vol1/fastq/ERR260/ERR260182/ERR260182_1.fastq.gz;ftp.sra.ebi.ac.uk/vol1/fastq/ERR260/ERR260182/ERR260182_2.fastq.gz
PRJEB1786	SAMEA1906534	487	52	ERR260183	PAIRED	22877682	2124536548;2101393878	2197134676;2172451968	ftp.sra.ebi.ac.uk/vol1/fastq/ERR260/ERR260183/ERR260183_1.fastq.gz;ftp.sra.ebi.ac.uk/vol1/fastq/ERR260/ERR260183/ERR260183_2.fastq.gz
PRJEB1786	SAMEA1906498	488	53	ERR260184	PAIRED	21515297	2010581070;1988540911	2078691095;2055204528	ftp.sra.ebi.ac.uk/vol1/fastq/ERR260/ERR260184/ERR260184_1.fastq.gz;ftp.sra.ebi.ac.uk/vol1/fastq/ERR260/ERR260184/ERR260184_2.fastq.gz
PRJEB1786	SAMEA1906523	495	54	ERR260185	PAIRED	21123659	1974161187;1947992555	2040938853;2013713944	ftp.sra.ebi.ac.uk/vol1/fastq/ERR260/ERR260185/ERR260185_1.fastq.gz;ftp.sra.ebi.ac.uk/vol1/fastq/ERR260/ERR260185/ERR260185_2.fastq.gz
PRJEB1786	SAMEA1906495	497	55	ERR260186	PAIRED	19912787	1854122293;1833425933	1917358448;1895386596	ftp.sra.ebi.ac.uk/vol1/fastq/ERR260/ERR260186/ERR260186_1.fastq.gz;ftp.sra.ebi.ac.uk/vol1/fastq/ERR260/ERR260186/ERR260186_2.fastq.gz
PRJEB1786	SAMEA1906468	51	56	ERR260187	PAIRED	10653221	927097561;927487328	962605652;962924811	ftp.sra.ebi.ac.uk/vol1/fastq/ERR260/ERR260187/ERR260187_1.fastq.gz;ftp.sra.ebi.ac.uk/vol1/fastq/ERR260/ERR260187/ERR260187_2.fastq.gz
PRJEB1786	SAMEA1906444	517	57	ERR260188	PAIRED	20707622	1934131066;1911381443	1999666736;1975858770	ftp.sra.ebi.ac.uk/vol1/fastq/ERR260/ERR260188/ERR260188_1.fastq.gz;ftp.sra.ebi.ac.uk/vol1/fastq/ERR260/ERR260188/ERR260188_2.fastq.gz
PRJEB1786	SAMEA1906436	524	58	ERR260189	PAIRED	18230908	1702848569;1683828777	1760034477;1739516956	ftp.sra.ebi.ac.uk/vol1/fastq/ERR260/ERR260189/ERR260189_1.fastq.gz;ftp.sra.ebi.ac.uk/vol1/fastq/ERR260/ERR260189/ERR260189_2.fastq.gz
PRJEB1786	SAMEA1906422	526	59	ERR260190	PAIRED	20508040	1913779978;1892027653	1978579303;1955460896	ftp.sra.ebi.ac.uk/vol1/fastq/ERR260/ERR260190/ERR260190_1.fastq.gz;ftp.sra.ebi.ac.uk/vol1/fastq/ERR260/ERR260190/ERR260190_2.fastq.gz
PRJEB1786	SAMEA1906574	529	60	ERR260191	PAIRED	24499043	2317772836;2216450771	2394327766;2291529467	ftp.sra.ebi.ac.uk/vol1/fastq/ERR260/ERR260191/ERR260191_1.fastq.gz;ftp.sra.ebi.ac.uk/vol1/fastq/ERR260/ERR260191/ERR260191_2.fastq.gz
PRJEB1786	SAMEA1906557	530	61	ERR260192	PAIRED	19111467	1808223135;1733516615	1868079174;1791815973	ftp.sra.ebi.ac.uk/vol1/fastq/ERR260/ERR260192/ERR260192_1.fastq.gz;ftp.sra.ebi.ac.uk/vol1/fastq/ERR260/ERR260192/ERR260192_2.fastq.gz
PRJEB1786	SAMEA1906539	53	62	ERR260193	PAIRED	13971868	1228511786;1228618771	1275452592;1275447276	ftp.sra.ebi.ac.uk/vol1/fastq/ERR260/ERR260193/ERR260193_1.fastq.gz;ftp.sra.ebi.ac.uk/vol1/fastq/ERR260/ERR260193/ERR260193_2.fastq.gz
PRJEB1786	SAMEA1906524	536	63	ERR260194	PAIRED	21249499	2004473828;1938981830	2071532100;2004287694	ftp.sra.ebi.ac.uk/vol1/fastq/ERR260/ERR260194/ERR260194_1.fastq.gz;ftp.sra.ebi.ac.uk/vol1/fastq/ERR260/ERR260194/ERR260194_2.fastq.gz
PRJEB1786	SAMEA1906477	54	64	ERR260195	PAIRED	13561331	1190540620;1193547857	1235919898;1238778137	ftp.sra.ebi.ac.uk/vol1/fastq/ERR260/ERR260195/ERR260195_1.fastq.gz;ftp.sra.ebi.ac.uk/vol1/fastq/ERR260/ERR260195/ERR260195_2.fastq.gz
PRJEB1786	SAMEA1906426	543	65	ERR260196	PAIRED	21058400	1992438120;1908372060	2058330454;1972928173	ftp.sra.ebi.ac.uk/vol1/fastq/ERR260/ERR260196/ERR260196_1.fastq.gz;ftp.sra.ebi.ac.uk/vol1/fastq/ERR260/ERR260196/ERR260196_2.fastq.gz
PRJEB1786	SAMEA1906440	547	66	ERR260197	PAIRED	20552129	1946617283;1868963696	2010499274;1930824369	ftp.sra.ebi.ac.uk/vol1/fastq/ERR260/ERR260197/ERR260197_1.fastq.gz;ftp.sra.ebi.ac.uk/vol1/fastq/ERR260/ERR260197/ERR260197_2.fastq.gz
PRJEB1786	SAMEA1906548	551	67	ERR260198	PAIRED	23567440	2215908700;2122756185	2290244895;2196067181	ftp.sra.ebi.ac.uk/vol1/fastq/ERR260/ERR260198/ERR260198_1.fastq.gz;ftp.sra.ebi.ac.uk/vol1/fastq/ERR260/ERR260198/ERR260198_2.fastq.gz
PRJEB1786	SAMEA1906570	552	68	ERR260199	PAIRED	15013773	1425198626;1373266106	1471232055;1417332724	ftp.sra.ebi.ac.uk/vol1/fastq/ERR260/ERR260199/ERR260199_1.fastq.gz;ftp.sra.ebi.ac.uk/vol1/fastq/ERR260/ERR260199/ERR260199_2.fastq.gz
PRJEB1786	SAMEA1906577	558	69	ERR260200	PAIRED	17605647	1664168816;1596758066	1719000767;1650407871	ftp.sra.ebi.ac.uk/vol1/fastq/ERR260/ERR260200/ERR260200_1.fastq.gz;ftp.sra.ebi.ac.uk/vol1/fastq/ERR260/ERR260200/ERR260200_2.fastq.gz
PRJEB1786	SAMEA1906514	561	70	ERR260201	PAIRED	21396140	2012740554;1923800434	2080349711;1990629573	ftp.sra.ebi.ac.uk/vol1/fastq/ERR260/ERR260201/ERR260201_1.fastq.gz;ftp.sra.ebi.ac.uk/vol1/fastq/ERR260/ERR260201/ERR260201_2.fastq.gz
PRJEB1786	SAMEA1906545	563	71	ERR260202	PAIRED	17149775	1625520362;1555708808	1678757475;1607897881	ftp.sra.ebi.ac.uk/vol1/fastq/ERR260/ERR260202/ERR260202_1.fastq.gz;ftp.sra.ebi.ac.uk/vol1/fastq/ERR260/ERR260202/ERR260202_2.fastq.gz
PRJEB1786	SAMEA1906531	577	72	ERR260203	PAIRED	14155779	1323852926;1274046948	1366262385;1314989872	ftp.sra.ebi.ac.uk/vol1/fastq/ERR260/ERR260203/ERR260203_1.fastq.gz;ftp.sra.ebi.ac.uk/vol1/fastq/ERR260/ERR260203/ERR260203_2.fastq.gz
PRJEB1786	SAMEA1906503	58	73	ERR260204	PAIRED	13213300	1157337005;1159850737	1201460329;1203865280	ftp.sra.ebi.ac.uk/vol1/fastq/ERR260/ERR260204/ERR260204_1.fastq.gz;ftp.sra.ebi.ac.uk/vol1/fastq/ERR260/ERR260204/ERR260204_2.fastq.gz
PRJEB1786	SAMEA1906565	584	74	ERR260205	PAIRED	14999378	1400300945;1350356834	1445561051;1394383101	ftp.sra.ebi.ac.uk/vol1/fastq/ERR260/ERR260205/ERR260205_1.fastq.gz;ftp.sra.ebi.ac.uk/vol1/fastq/ERR260/ERR260205/ERR260205_2.fastq.gz
PRJEB1786	SAMEA1906424	587	75	ERR260206	PAIRED	13696641	1281029322;1232060779	1322092430;1271510111	ftp.sra.ebi.ac.uk/vol1/fastq/ERR260/ERR260206/ERR260206_1.fastq.gz;ftp.sra.ebi.ac.uk/vol1/fastq/ERR260/ERR260206/ERR260206_2.fastq.gz
PRJEB1786	SAMEA1906446	589	76	ERR260207	PAIRED	15696073	1467766455;1422509960	1515580230;1468846340	ftp.sra.ebi.ac.uk/vol1/fastq/ERR260/ERR260207/ERR260207_1.fastq.gz;ftp.sra.ebi.ac.uk/vol1/fastq/ERR260/ERR260207/ERR260207_2.fastq.gz
PRJEB1786	SAMEA1906462	591	77	ERR260208	PAIRED	18976106	1768118879;1702982976	1826079442;1759930417	ftp.sra.ebi.ac.uk/vol1/fastq/ERR260/ERR260208/ERR260208_1.fastq.gz;ftp.sra.ebi.ac.uk/vol1/fastq/ERR260/ERR260208/ERR260208_2.fastq.gz
PRJEB1786	SAMEA1906484	59	78	ERR260209	PAIRED	12460015	1075137907;1075602576	1116629908;1117086774	ftp.sra.ebi.ac.uk/vol1/fastq/ERR260/ERR260209/ERR260209_1.fastq.gz;ftp.sra.ebi.ac.uk/vol1/fastq/ERR260/ERR260209/ERR260209_2.fastq.gz
PRJEB1786	SAMEA1906528	598	79	ERR260210	PAIRED	17399677	1625900832;1566878897	1678035426;1617331254	ftp.sra.ebi.ac.uk/vol1/fastq/ERR260/ERR260210/ERR260210_1.fastq.gz;ftp.sra.ebi.ac.uk/vol1/fastq/ERR260/ERR260210/ERR260210_2.fastq.gz
PRJEB1786	SAMEA1906501	600	80	ERR260211	PAIRED	15371612	1427391738;1377235780	1474585415;1423626722	ftp.sra.ebi.ac.uk/vol1/fastq/ERR260/ERR260211/ERR260211_1.fastq.gz;ftp.sra.ebi.ac.uk/vol1/fastq/ERR260/ERR260211/ERR260211_2.fastq.gz
PRJEB1786	SAMEA1906579	604	83	ERR260214	PAIRED	19422986	1810543740;1731222425	1870560479;1790961220	ftp.sra.ebi.ac.uk/vol1/fastq/ERR260/ERR260214/ERR260214_1.fastq.gz;ftp.sra.ebi.ac.uk/vol1/fastq/ERR260/ERR260214/ERR260214_2.fastq.gz
PRJEB1786	SAMEA1906432	614	84	ERR260215	PAIRED	7653274	644946370;644933998	670468455;670470611	ftp.sra.ebi.ac.uk/vol1/fastq/ERR260/ERR260215/ERR260215_1.fastq.gz;ftp.sra.ebi.ac.uk/vol1/fastq/ERR260/ERR260215/ERR260215_2.fastq.gz
PRJEB1786	SAMEA1906433	617	85	ERR260216	PAIRED	4849280	413994194;411589086	430133990;427750000	ftp.sra.ebi.ac.uk/vol1/fastq/ERR260/ERR260216/ERR260216_1.fastq.gz;ftp.sra.ebi.ac.uk/vol1/fastq/ERR260/ERR260216/ERR260216_2.fastq.gz
PRJEB1786	SAMEA1906420	618	86	ERR260217	PAIRED	8413357	708546759;709070924	736447684;736972288	ftp.sra.ebi.ac.uk/vol1/fastq/ERR260/ERR260217/ERR260217_1.fastq.gz;ftp.sra.ebi.ac.uk/vol1/fastq/ERR260/ERR260217/ERR260217_2.fastq.gz
PRJEB1786	SAMEA1906556	628	87	ERR260218	PAIRED	6919590	584598390;583972374	607657827;607042569	ftp.sra.ebi.ac.uk/vol1/fastq/ERR260/ERR260218/ERR260218_1.fastq.gz;ftp.sra.ebi.ac.uk/vol1/fastq/ERR260/ERR260218/ERR260218_2.fastq.gz
PRJEB1786	SAMEA1906564	638	88	ERR260219	PAIRED	5712761	475440868;477800333	494504415;496849054	ftp.sra.ebi.ac.uk/vol1/fastq/ERR260/ERR260219/ERR260219_1.fastq.gz;ftp.sra.ebi.ac.uk/vol1/fastq/ERR260/ERR260219/ERR260219_2.fastq.gz
PRJEB1786	SAMEA1906510	640	89	ERR260220	PAIRED	12659621	1073777924;1063927168	1116099920;1106119325	ftp.sra.ebi.ac.uk/vol1/fastq/ERR260/ERR260220/ERR260220_1.fastq.gz;ftp.sra.ebi.ac.uk/vol1/fastq/ERR260/ERR260220/ERR260220_2.fastq.gz
PRJEB1786	SAMEA1906530	643	90	ERR260221	PAIRED	7653823	649110921;647056009	674657788;672620018	ftp.sra.ebi.ac.uk/vol1/fastq/ERR260/ERR260221/ERR260221_1.fastq.gz;ftp.sra.ebi.ac.uk/vol1/fastq/ERR260/ERR260221/ERR260221_2.fastq.gz
PRJEB1786	SAMEA1906544	646	91	ERR260222	PAIRED	7107540	599204132;599560773	622860069;623219083	ftp.sra.ebi.ac.uk/vol1/fastq/ERR260/ERR260222/ERR260222_1.fastq.gz;ftp.sra.ebi.ac.uk/vol1/fastq/ERR260/ERR260222/ERR260222_2.fastq.gz
PRJEB1786	SAMEA1906464	655	92	ERR260223	PAIRED	6267937	533158330;530158171	554042462;551067124	ftp.sra.ebi.ac.uk/vol1/fastq/ERR260/ERR260223/ERR260223_1.fastq.gz;ftp.sra.ebi.ac.uk/vol1/fastq/ERR260/ERR260223/ERR260223_2.fastq.gz
PRJEB1786	SAMEA1906493	77	93	ERR260224	PAIRED	13689474	1189584162;1192436192	1235593433;1238374182	ftp.sra.ebi.ac.uk/vol1/fastq/ERR260/ERR260224/ERR260224_1.fastq.gz;ftp.sra.ebi.ac.uk/vol1/fastq/ERR260/ERR260224/ERR260224_2.fastq.gz
PRJEB1786	SAMEA1906418	80	94	ERR260225	PAIRED	9310011	817969452;823087780	849110128;854092180	ftp.sra.ebi.ac.uk/vol1/fastq/ERR260/ERR260225/ERR260225_1.fastq.gz;ftp.sra.ebi.ac.uk/vol1/fastq/ERR260/ERR260225/ERR260225_2.fastq.gz
PRJEB1786	SAMEA1906569	88	95	ERR260226	PAIRED	13649613	1180985884;1177818846	1226571514;1223282489	ftp.sra.ebi.ac.uk/vol1/fastq/ERR260/ERR260226/ERR260226_1.fastq.gz;ftp.sra.ebi.ac.uk/vol1/fastq/ERR260/ERR260226/ERR260226_2.fastq.gz
PRJEB1786	SAMEA1906576	92	96	ERR260227	PAIRED	10970243	957809662;959116109	994268367;995544557	ftp.sra.ebi.ac.uk/vol1/fastq/ERR260/ERR260227/ERR260227_1.fastq.gz;ftp.sra.ebi.ac.uk/vol1/fastq/ERR260/ERR260227/ERR260227_2.fastq.gz
PRJEB1786	SAMEA1906526	200	97	ERR260228	PAIRED	19051899	1651461624;1654822592	1712374079;1715517447	ftp.sra.ebi.ac.uk/vol1/fastq/ERR260/ERR260228/ERR260228_1.fastq.gz;ftp.sra.ebi.ac.uk/vol1/fastq/ERR260/ERR260228/ERR260228_2.fastq.gz
PRJEB1786	SAMEA1906543	205	98	ERR260229	PAIRED	14361230	1260843156;1260954108	1308845284;1308708919	ftp.sra.ebi.ac.uk/vol1/fastq/ERR260/ERR260229/ERR260229_1.fastq.gz;ftp.sra.ebi.ac.uk/vol1/fastq/ERR260/ERR260229/ERR260229_2.fastq.gz
PRJEB1786	SAMEA1906458	224	99	ERR260230	PAIRED	9883620	871276877;868621635	904082069;901272581	ftp.sra.ebi.ac.uk/vol1/fastq/ERR260/ERR260230/ERR260230_1.fastq.gz;ftp.sra.ebi.ac.uk/vol1/fastq/ERR260/ERR260230/ERR260230_2.fastq.gz
PRJEB1786	SAMEA1906487	225	100	ERR260231	PAIRED	10392457	913220149;908074508	947604105;942279107	ftp.sra.ebi.ac.uk/vol1/fastq/ERR260/ERR260231/ERR260231_1.fastq.gz;ftp.sra.ebi.ac.uk/vol1/fastq/ERR260/ERR260231/ERR260231_2.fastq.gz
PRJEB1786	SAMEA1906415	227	101	ERR260232	PAIRED	9333402	821214378;819171540	852086540;849926194	ftp.sra.ebi.ac.uk/vol1/fastq/ERR260/ERR260232/ERR260232_1.fastq.gz;ftp.sra.ebi.ac.uk/vol1/fastq/ERR260/ERR260232/ERR260232_2.fastq.gz
PRJEB1786	SAMEA1906430	229	102	ERR260233	PAIRED	10337449	912303121;904780165	946477229;938713493	ftp.sra.ebi.ac.uk/vol1/fastq/ERR260/ERR260233/ERR260233_1.fastq.gz;ftp.sra.ebi.ac.uk/vol1/fastq/ERR260/ERR260233/ERR260233_2.fastq.gz
PRJEB1786	SAMEA1906448	231	103	ERR260234	PAIRED	12290046	1081237219;1072422987	1122089038;1112902913	ftp.sra.ebi.ac.uk/vol1/fastq/ERR260/ERR260234/ERR260234_1.fastq.gz;ftp.sra.ebi.ac.uk/vol1/fastq/ERR260/ERR260234/ERR260234_2.fastq.gz
PRJEB1786	SAMEA1906572	235	104	ERR260235	PAIRED	7533581	664394449;661293216	689374266;686232638	ftp.sra.ebi.ac.uk/vol1/fastq/ERR260/ERR260235/ERR260235_1.fastq.gz;ftp.sra.ebi.ac.uk/vol1/fastq/ERR260/ERR260235/ERR260235_2.fastq.gz
PRJEB1786	SAMEA1906555	239	105	ERR260236	PAIRED	10078144	886468529;881884738	919921400;915191250	ftp.sra.ebi.ac.uk/vol1/fastq/ERR260/ERR260236/ERR260236_1.fastq.gz;ftp.sra.ebi.ac.uk/vol1/fastq/ERR260/ERR260236/ERR260236_2.fastq.gz
PRJEB1786	SAMEA1906567	243	106	ERR260237	PAIRED	13591367	1201512813;1191808681	1246630966;1236560100	ftp.sra.ebi.ac.uk/vol1/fastq/ERR260/ERR260237/ERR260237_1.fastq.gz;ftp.sra.ebi.ac.uk/vol1/fastq/ERR260/ERR260237/ERR260237_2.fastq.gz
PRJEB1786	SAMEA1906497	244	107	ERR260238	PAIRED	14040098	1235315390;1234113025	1281878423;1280432942	ftp.sra.ebi.ac.uk/vol1/fastq/ERR260/ERR260238/ERR260238_1.fastq.gz;ftp.sra.ebi.ac.uk/vol1/fastq/ERR260/ERR260238/ERR260238_2.fastq.gz
PRJEB1786	SAMEA1906533	248	108	ERR260239	PAIRED	12757950	1087738267;1083100491	1130282170;1125702156	ftp.sra.ebi.ac.uk/vol1/fastq/ERR260/ERR260239/ERR260239_1.fastq.gz;ftp.sra.ebi.ac.uk/vol1/fastq/ERR260/ERR260239/ERR260239_2.fastq.gz
PRJEB1786	SAMEA1906546	258	109	ERR260240	PAIRED	13235163	1102002541;1091370902	1146446791;1135416472	ftp.sra.ebi.ac.uk/vol1/fastq/ERR260/ERR260240/ERR260240_1.fastq.gz;ftp.sra.ebi.ac.uk/vol1/fastq/ERR260/ERR260240/ERR260240_2.fastq.gz
PRJEB1786	SAMEA1906472	263	110	ERR260241	PAIRED	11581627	995923817;993173587	1034814580;1032079582	ftp.sra.ebi.ac.uk/vol1/fastq/ERR260/ERR260241/ERR260241_1.fastq.gz;ftp.sra.ebi.ac.uk/vol1/fastq/ERR260/ERR260241/ERR260241_2.fastq.gz
PRJEB1786	SAMEA1906491	264	111	ERR260242	PAIRED	7929514	680349208;683113277	706967318;709730337	ftp.sra.ebi.ac.uk/vol1/fastq/ERR260/ERR260242/ERR260242_1.fastq.gz;ftp.sra.ebi.ac.uk/vol1/fastq/ERR260/ERR260242/ERR260242_2.fastq.gz
PRJEB1786	SAMEA1906417	268	112	ERR260243	PAIRED	11371398	970509251;967717520	1008470874;1005703474	ftp.sra.ebi.ac.uk/vol1/fastq/ERR260/ERR260243/ERR260243_1.fastq.gz;ftp.sra.ebi.ac.uk/vol1/fastq/ERR260/ERR260243/ERR260243_2.fastq.gz
PRJEB1786	SAMEA1906438	269	113	ERR260244	PAIRED	9602014	817889215;816969700	849807106;848947238	ftp.sra.ebi.ac.uk/vol1/fastq/ERR260/ERR260244/ERR260244_1.fastq.gz;ftp.sra.ebi.ac.uk/vol1/fastq/ERR260/ERR260244/ERR260244_2.fastq.gz
PRJEB1786	SAMEA1906581	278	114	ERR260245	PAIRED	13420978	1155135662;1151808686	1200054686;1196703196	ftp.sra.ebi.ac.uk/vol1/fastq/ERR260/ERR260245/ERR260245_1.fastq.gz;ftp.sra.ebi.ac.uk/vol1/fastq/ERR260/ERR260245/ERR260245_2.fastq.gz
PRJEB1786	SAMEA1906550	288	115	ERR260246	PAIRED	12325479	1057488255;1054478041	1098856659;1095834838	ftp.sra.ebi.ac.uk/vol1/fastq/ERR260/ERR260246/ERR260246_1.fastq.gz;ftp.sra.ebi.ac.uk/vol1/fastq/ERR260/ERR260246/ERR260246_2.fastq.gz
PRJEB1786	SAMEA1906575	290	116	ERR260247	PAIRED	11639144	987708057;980031555	1026521418;1018800082	ftp.sra.ebi.ac.uk/vol1/fastq/ERR260/ERR260247/ERR260247_1.fastq.gz;ftp.sra.ebi.ac.uk/vol1/fastq/ERR260/ERR260247/ERR260247_2.fastq.gz
PRJEB1786	SAMEA1906429	299	117	ERR260248	PAIRED	11300794	958812154;953922553	996555312;991686342	ftp.sra.ebi.ac.uk/vol1/fastq/ERR260/ERR260248/ERR260248_1.fastq.gz;ftp.sra.ebi.ac.uk/vol1/fastq/ERR260/ERR260248/ERR260248_2.fastq.gz
PRJEB1786	SAMEA1906447	112	118	ERR260249	PAIRED	9674430	842576610;838316066	874644512;870264551	ftp.sra.ebi.ac.uk/vol1/fastq/ERR260/ERR260249/ERR260249_1.fastq.gz;ftp.sra.ebi.ac.uk/vol1/fastq/ERR260/ERR260249/ERR260249_2.fastq.gz
PRJEB1786	SAMEA1906463	118	119	ERR260250	PAIRED	16372748	1445997077;1444471528	1501012203;1499280745	ftp.sra.ebi.ac.uk/vol1/fastq/ERR260/ERR260250/ERR260250_1.fastq.gz;ftp.sra.ebi.ac.uk/vol1/fastq/ERR260/ERR260250/ERR260250_2.fastq.gz
PRJEB1786	SAMEA1906460	121	120	ERR260251	PAIRED	12391800	1091682971;1092668940	1133004619;1133883852	ftp.sra.ebi.ac.uk/vol1/fastq/ERR260/ERR260251/ERR260251_1.fastq.gz;ftp.sra.ebi.ac.uk/vol1/fastq/ERR260/ERR260251/ERR260251_2.fastq.gz
PRJEB1786	SAMEA1906474	126	121	ERR260252	PAIRED	14759413	1306894663;1305381954	1356443908;1354751455	ftp.sra.ebi.ac.uk/vol1/fastq/ERR260/ERR260252/ERR260252_1.fastq.gz;ftp.sra.ebi.ac.uk/vol1/fastq/ERR260/ERR260252/ERR260252_2.fastq.gz
PRJEB1786	SAMEA1906525	127	122	ERR260253	PAIRED	12277317	1085992568;1087437305	1126963136;1128259122	ftp.sra.ebi.ac.uk/vol1/fastq/ERR260/ERR260253/ERR260253_1.fastq.gz;ftp.sra.ebi.ac.uk/vol1/fastq/ERR260/ERR260253/ERR260253_2.fastq.gz
PRJEB1786	SAMEA1906532	131	123	ERR260254	PAIRED	12909096	1143099008;1141247944	1186085822;1184098028	ftp.sra.ebi.ac.uk/vol1/fastq/ERR260/ERR260254/ERR260254_1.fastq.gz;ftp.sra.ebi.ac.uk/vol1/fastq/ERR260/ERR260254/ERR260254_2.fastq.gz
PRJEB1786	SAMEA1906551	141	124	ERR260255	PAIRED	9900293	873186480;872541565	906129028;905434243	ftp.sra.ebi.ac.uk/vol1/fastq/ERR260/ERR260255/ERR260255_1.fastq.gz;ftp.sra.ebi.ac.uk/vol1/fastq/ERR260/ERR260255/ERR260255_2.fastq.gz
PRJEB1786	SAMEA1906449	143	125	ERR260256	PAIRED	14922510	1287143768;1268633135	1337120020;1318052931	ftp.sra.ebi.ac.uk/vol1/fastq/ERR260/ERR260256/ERR260256_1.fastq.gz;ftp.sra.ebi.ac.uk/vol1/fastq/ERR260/ERR260256/ERR260256_2.fastq.gz
PRJEB1786	SAMEA1906425	144	126	ERR260257	PAIRED	22536928	1989694731;1982314078	2065993628;2058421966	ftp.sra.ebi.ac.uk/vol1/fastq/ERR260/ERR260257/ERR260257_1.fastq.gz;ftp.sra.ebi.ac.uk/vol1/fastq/ERR260/ERR260257/ERR260257_2.fastq.gz
PRJEB1786	SAMEA1906486	146	127	ERR260258	PAIRED	11827877	1037528508;1043002330	1077078716;1082450617	ftp.sra.ebi.ac.uk/vol1/fastq/ERR260/ERR260258/ERR260258_1.fastq.gz;ftp.sra.ebi.ac.uk/vol1/fastq/ERR260/ERR260258/ERR260258_2.fastq.gz
PRJEB1786	SAMEA1906459	153	128	ERR260259	PAIRED	19451938	1685132378;1695175383	1747562526;1757228712	ftp.sra.ebi.ac.uk/vol1/fastq/ERR260/ERR260259/ERR260259_1.fastq.gz;ftp.sra.ebi.ac.uk/vol1/fastq/ERR260/ERR260259/ERR260259_2.fastq.gz
PRJEB1786	SAMEA1906481	155	129	ERR260260	PAIRED	19181630	1668218795;1673540105	1729766614;1734800892	ftp.sra.ebi.ac.uk/vol1/fastq/ERR260/ERR260260/ERR260260_1.fastq.gz;ftp.sra.ebi.ac.uk/vol1/fastq/ERR260/ERR260260/ERR260260_2.fastq.gz
PRJEB1786	SAMEA1906451	158	130	ERR260261	PAIRED	20067854	1725081977;1731447061	1789688029;1795875230	ftp.sra.ebi.ac.uk/vol1/fastq/ERR260/ERR260261/ERR260261_1.fastq.gz;ftp.sra.ebi.ac.uk/vol1/fastq/ERR260/ERR260261/ERR260261_2.fastq.gz
PRJEB1786	SAMEA1906466	186	131	ERR260262	PAIRED	14829114	1290336900;1297780644	1337768417;1344932759	ftp.sra.ebi.ac.uk/vol1/fastq/ERR260/ERR260262/ERR260262_1.fastq.gz;ftp.sra.ebi.ac.uk/vol1/fastq/ERR260/ERR260262/ERR260262_2.fastq.gz
PRJEB1786	SAMEA1906443	187	132	ERR260263	PAIRED	22588195	1959167284;1969173343	2031928239;2041466033	ftp.sra.ebi.ac.uk/vol1/fastq/ERR260/ERR260263/ERR260263_1.fastq.gz;ftp.sra.ebi.ac.uk/vol1/fastq/ERR260/ERR260263/ERR260263_2.fastq.gz
PRJEB1786	SAMEA1906427	193	133	ERR260264	PAIRED	24518042	2120370082;2127175158	2199792064;2206180397	ftp.sra.ebi.ac.uk/vol1/fastq/ERR260/ERR260264/ERR260264_1.fastq.gz;ftp.sra.ebi.ac.uk/vol1/fastq/ERR260/ERR260264/ERR260264_2.fastq.gz
PRJEB1786	SAMEA1906563	194	134	ERR260265	PAIRED	22021962	1915534955;1923529339	1986396908;1993994922	ftp.sra.ebi.ac.uk/vol1/fastq/ERR260/ERR260265/ERR260265_1.fastq.gz;ftp.sra.ebi.ac.uk/vol1/fastq/ERR260/ERR260265/ERR260265_2.fastq.gz
PRJEB1786	SAMEA1906520	195	135	ERR260266	PAIRED	19437678	1679320273;1684612148	1741593460;1746692841	ftp.sra.ebi.ac.uk/vol1/fastq/ERR260/ERR260266/ERR260266_1.fastq.gz;ftp.sra.ebi.ac.uk/vol1/fastq/ERR260/ERR260266/ERR260266_2.fastq.gz
PRJEB1786	SAMEA1906538	198	136	ERR260267	PAIRED	20191326	1751920168;1761645494	1816737540;1826063506	ftp.sra.ebi.ac.uk/vol1/fastq/ERR260/ERR260267/ERR260267_1.fastq.gz;ftp.sra.ebi.ac.uk/vol1/fastq/ERR260/ERR260267/ERR260267_2.fastq.gz
PRJEB1786	SAMEA1906453	137	137	ERR260268	PAIRED	4155208	318906638;309349548	335043432;325421360	ftp.sra.ebi.ac.uk/vol1/fastq/ERR260/ERR260268/ERR260268_1.fastq.gz;ftp.sra.ebi.ac.uk/vol1/fastq/ERR260/ERR260268/ERR260268_2.fastq.gz
PRJEB1786	SAMEA1906494	249	138	ERR260269	PAIRED	5036006	381694841;369370044	401628940;389201182	ftp.sra.ebi.ac.uk/vol1/fastq/ERR260/ERR260269/ERR260269_1.fastq.gz;ftp.sra.ebi.ac.uk/vol1/fastq/ERR260/ERR260269/ERR260269_2.fastq.gz
PRJEB1786	SAMEA1906428	286	139	ERR260270	PAIRED	5528587	421386244;408195008	442736500;429500043	ftp.sra.ebi.ac.uk/vol1/fastq/ERR260/ERR260270/ERR260270_1.fastq.gz;ftp.sra.ebi.ac.uk/vol1/fastq/ERR260/ERR260270/ERR260270_2.fastq.gz
PRJEB1786	SAMEA1906445	297	140	ERR260271	PAIRED	3967737	308716973;299544463	324018179;314802144	ftp.sra.ebi.ac.uk/vol1/fastq/ERR260/ERR260271/ERR260271_1.fastq.gz;ftp.sra.ebi.ac.uk/vol1/fastq/ERR260/ERR260271/ERR260271_2.fastq.gz
PRJEB1786	SAMEA1906562	342	141	ERR260272	PAIRED	4109431	317522633;306981462	333759476;323142616	ftp.sra.ebi.ac.uk/vol1/fastq/ERR260/ERR260272/ERR260272_1.fastq.gz;ftp.sra.ebi.ac.uk/vol1/fastq/ERR260/ERR260272/ERR260272_2.fastq.gz
PRJEB1786	SAMEA1906549	470	142	ERR260273	PAIRED	4275127	328463134;317990038	345218515;334666991	ftp.sra.ebi.ac.uk/vol1/fastq/ERR260/ERR260273/ERR260273_1.fastq.gz;ftp.sra.ebi.ac.uk/vol1/fastq/ERR260/ERR260273/ERR260273_2.fastq.gz
PRJEB1786	SAMEA1906566	475	143	ERR260274	PAIRED	5968014	457041793;444477512	480547422;467864014	ftp.sra.ebi.ac.uk/vol1/fastq/ERR260/ERR260274/ERR260274_1.fastq.gz;ftp.sra.ebi.ac.uk/vol1/fastq/ERR260/ERR260274/ERR260274_2.fastq.gz
PRJEB1786	SAMEA1906507	485	144	ERR260275	PAIRED	5681375	423801595;412446048	445789907;434353296	ftp.sra.ebi.ac.uk/vol1/fastq/ERR260/ERR260275/ERR260275_1.fastq.gz;ftp.sra.ebi.ac.uk/vol1/fastq/ERR260/ERR260275/ERR260275_2.fastq.gz
PRJEB1786	SAMEA1906439	550	145	ERR260276	PAIRED	5187745	399666575;388473716	420061342;408753730	ftp.sra.ebi.ac.uk/vol1/fastq/ERR260/ERR260276/ERR260276_1.fastq.gz;ftp.sra.ebi.ac.uk/vol1/fastq/ERR260/ERR260276/ERR260276_2.fastq.gz
PRJEB1786	SAMEA1906535	60	81	ERR275251	PAIRED	14924652	1268221763;1252475570	1318420176;1301780040	ftp.sra.ebi.ac.uk/vol1/fastq/ERR275/ERR275251/ERR275251_1.fastq.gz;ftp.sra.ebi.ac.uk/vol1/fastq/ERR275/ERR275251/ERR275251_2.fastq.gz
PRJEB1786	SAMEA1906554	602	82	ERR275252	PAIRED	17840003	1661351610;1602528511	1716253065;1656822319	ftp.sra.ebi.ac.uk/vol1/fastq/ERR275/ERR275252/ERR275252_1.fastq.gz;ftp.sra.ebi.ac.uk/vol1/fastq/ERR275/ERR275252/ERR275252_2.fastq.gz
